card_id,customer_id,lastname,firstname,email,address,birthday,country
210,1,Lewis,Javier,Javier.Lewis@VFAxlnZEvOx.org,Suite M 916 5th Fifth Road Midway United States,11/2/1935,United States
369,2,Moses,Amy,Amy.Moses@Ovk9KjHH.com,,7/22/1965,United States
627,3,Hamilton,Latisha,Latisha.Hamilton@V.com,Suite 60 3 6th Cedar Pkwy Jamestown United States,2/10/1978,United States
462,4,White,Michael,Michael.White@i.org,Suite 30 374 River  Court Riverside United States,5/24/1982,United States
613,5,Moran,Robert,Robert.Moran@Hh.edu,Suite 40 355 8th  Ln Concord United States,6/22/1955,United States
492,6,Sharp,Brunilda,Brunilda.Sharp@T3pylZEUQjm.org,Suite G 169 Adams 7th Ave Spring Valley United States,11/2/1924,United States
682,7,Wiles,Fonda,Fonda.Wiles@S9KnyEtz9hv.org,Suite 350 493 Madison Park Road Pleasant Grove United States,7/7/1984,United States
523,8,Shipman,Ollie,Ollie.Shipman@be.org,Suite 440 158 Forest Park Street Five Forks United States,11/2/1937,United States
6,9,Gilbert,Karl,Karl.Gilbert@Crg5KyP2IxX9C4d6.edu,Suite O 336 South Adams Avenue Lakeview United States,11/1/1965,United States
789,10,Brunson,Albert,Albert.Brunson@62.com,Suite 280 979 River  Cir. Pierce United States,11/1/1972,United States
611,11,Williams,Betty,Betty.Williams@xRtDqM1eLBVQNoYAJ.com,Suite U 427 8th  RD Jamestown United States,11/2/1962,United States
157,12,Farias,Margaret,Margaret.Farias@cb.edu,Suite E 268 Oak  Street Oakland United States,5/29/1955,United States
555,13,Grimes,Rosalinda,Rosalinda.Grimes@tC8pcU7Lt.edu,Suite U 535 Mill  Road Stringtown United States,8/30/1969,United States
668,14,Wilcox,Jack,Jack.Wilcox@Y3Etqyv3.org,Suite 0 415 Sunset  Ln Green Acres United States,8/1/1936,United States
739,15,,Tonya,,Suite X 451 Center  Wy Clinton United States,,United States
95,16,Browning,Margie,Margie.Browning@LM674NrE2.org,Suite 310 124 Park  Cir. Five Forks United States,11/2/1932,United States
112,17,Stovall,Lee,Lee.Stovall@fqKC83UU0f.org,Suite 240 128 Park Spring Avenue Mount Olive United States,11/2/1971,United States
151,18,Lynch,Brad,Brad.Lynch@nAbai.edu,,2/27/1949,United States
237,19,Moore,Andre,Andre.Moore@cTZLGYi1ZJi.org,Suite 470 542 Highland  RD Liberty United States,11/1/1977,United States
491,20,Dallas,Stanton,Stanton.Dallas@DBXgl18FGo.edu,Suite 490 851 Ash Second Pkwy Waterloo United States,6/13/1975,United States
70,21,Barnett,Naomi,Naomi.Barnett@2T3V3OZOy4KBNAHsT.edu,Suite W 816 Spruce Elm Wy Tracy United States,6/12/1955,United States
645,22,Martinez,Victor,Victor.Martinez@fC.edu,Suite L 169 Pine Johnson Ct. Empire United States,11/2/1990,United States
234,23,Garrison,,Earl.Garrison@G3sM4P.com,Suite 200 307 Pine Sycamore Blvd Florence United States,,United States
468,24,Morris,Paul,Paul.Morris@FMGalegqc3.com,Suite 490 488 6th 2nd Wy Glenwood United States,5/25/1950,United States
178,25,Mccormick,Nancy,Nancy.Mccormick@DA26I9ZArLF9rxJ6Z.edu,Suite N 675 Cedar 6th Cir. Jackson United States,11/1/1972,United States
951,26,Baker,Monique,Monique.Baker@9uEucNczY.org,Suite 480 739 Oak  Wy Sulphur Springs United States,5/17/1990,United States
639,27,Prather,Shawn,Shawn.Prather@8BusRYegn6.org,Suite 210 649 Highland 7th Pkwy Five Forks United States,8/24/1971,United States
808,28,Hernandez,Edith,Edith.Hernandez@BNHL0k.com,Suite V 834 Johnson  Circle Stringtown United States,3/14/1958,United States
798,29,Collins,Margaret,Margaret.Collins@9obPr3UV.org,Suite E 61 4th  Ln Macedonia United States,3/6/1972,United States
410,30,Luna,Pamela,Pamela.Luna@QBGuhL36lnA.edu,Suite 60 266 North Park Way Glendale United States,4/26/1955,United States
779,31,Craig,William,William.Craig@prVDE1E8AHc.org,Suite 420 553 Park  Ln Cedar Grove United States,5/18/1963,United States
238,32,Wood,Kenneth,Kenneth.Wood@RIA.edu,Suite C 631 Cedar Sunset Drive Lincoln United States,3/29/1926,United States
978,33,Betts,Donna,Donna.Betts@YJ14k.edu,Suite 220 252 Cedar  Court Farmington United States,8/6/1957,United States
684,34,Woods,,Brandon.Woods@hjKbf.edu,Suite 150 355 Washington Franklin Wy Georgetown United States,,United States
754,35,Peterson,Marie,Marie.Peterson@1zg9tydFHafA5.com,Suite 100 323 5th  Ln Edgewood United States,5/12/1952,United States
320,36,Fisher,Anthony,Anthony.Fisher@jJrZfeDcz8P.com,Suite R 730 Center  Wy Crossroads United States,11/1/1967,United States
887,37,Schneider,Dwight,Dwight.Schneider@koxO7zAysvOd.com,Suite W 245 Spring Miller Way Mountain View United States,10/22/1948,United States
46,38,Carpenter,Ha,Ha.Carpenter@XgcUt4svNz.com,Suite 20 878 Third  Avenue Jackson United States,8/1/1938,United States
201,39,Cox,Neil,Neil.Cox@FRuR2bFK.com,Suite K 861 3rd  Road Glenwood United States,11/2/1950,United States
442,40,Hatfield,Jacqueline,,Suite 370 307 9th  Dr. Plainview United States,,United States
639,41,Carlson,Maxine,Maxine.Carlson@StyP5lAokmQ29QHYMLa.edu,Suite 50 735 Williams  Blvd Hillcrest United States,5/5/1938,United States
262,42,Burton,Deborah,Deborah.Burton@xt.edu,Suite J 869 13th  Court Greenville United States,10/14/1949,United States
199,43,Warner,William,William.Warner@zegnrzurU.org,Suite W 231 Valley Locust Avenue Kingston United States,11/2/1964,United States
101,44,Richmond,Mabel,Mabel.Richmond@Tkla.edu,Suite D 381 Central Sixth ST Bethel United States,11/2/1931,United States
485,45,Hammonds,,,Suite 200 607 Maple  Court Unionville United States,,United States
116,46,Stephenson,Jane,Jane.Stephenson@lq8ZQLAUMZhR.edu,Suite T 51 West  Dr. Oakdale United States,7/18/1989,United States
359,47,Young,Luis,Luis.Young@0DmV.edu,Suite 40 13 Smith Main Boulevard Riverview United States,11/2/1981,United States
804,48,Jackson,Jill,Jill.Jackson@n6I7SF.org,Suite W 147 Railroad Lincoln Ln Salem United States,2/14/1960,United States
940,49,Venable,Steven,Steven.Venable@0hA90vhfK7k9F4h.com,,5/18/1960,United States
397,50,Eller,Christopher,Christopher.Eller@gV5Ua7HOmt.com,Suite L 80 Laurel  Boulevard Pleasant Hill United States,11/1/1964,United States
37,51,Nieves,David,David.Nieves@LcDkQ.edu,Suite 90 982 Poplar Oak Lane Riverview United States,11/1/1925,United States
229,52,Colley,Wendy,Wendy.Colley@qLBjqbAQQGj.edu,Suite 450 319 Second Cedar Road Brookville United States,7/30/1981,United States
199,53,Higgins,Paul,Paul.Higgins@qG9NrSTLz9HaNHX.edu,Suite G 167 Spruce Main Cir. Kingston United States,2/5/1949,United States
714,54,King,Donna,Donna.King@TEftU.com,Suite 350 997 Fifth  Road Pine Grove United States,9/27/1939,United States
525,55,Thomason,Beryl,Beryl.Thomason@OeqefhtCmZTAj.com,Suite D 108 Hill Walnut Dr. Lakeview United States,3/19/1932,United States
48,56,Delgado,Pamela,Pamela.Delgado@8OpV0Ldj8vq2K9ZK.org,Suite 230 553 Oak  Parkway Newport United States,10/2/1959,United States
672,57,Melendez,Travis,Travis.Melendez@344rCMk.edu,Suite D 876 Church  Blvd Wolf Creek United States,8/21/1960,United States
579,58,Peterman,Cecil,Cecil.Peterman@tbeqEuUvS4ZM4Px9N.com,Suite R 431 4th Hillcrest Wy Glendale United States,9/1/1987,United States
261,59,Morrison,Melanie,Melanie.Morrison@F2foqn.edu,Suite 350 402 Pine  Court Franklin United States,10/25/1946,United States
853,60,Thao,Dollie,Dollie.Thao@Xead5vagsekdHDLUkv.edu,,4/15/1989,United States
640,61,White,Joseph,Joseph.White@c0EJ7pimuu.com,Suite 210 199 View Cherry Drive Woodland United States,6/24/1977,United States
576,62,Brown,Matthew,Matthew.Brown@F.edu,,5/30/1972,United States
403,63,Morton,Frank,Frank.Morton@Hd7jNaA3s.com,Suite 90 561 11th  Ct. Liberty United States,7/5/1942,United States
723,64,Frye,Michael,Michael.Frye@aM1HsbOs0smgpLo.org,Suite Y 571 Cherry Elm Cir. Lakeview United States,5/4/1940,United States
301,65,Taft,Rodney,Rodney.Taft@qe.com,Suite 260 830 7th  Circle Pleasant Hill United States,2/10/1990,United States
497,66,Chester,Julie,Julie.Chester@Kv.com,Suite R 924 Locust View Parkway Red Hill United States,2/20/1949,United States
398,67,Thomas,Gerald,Gerald.Thomas@zSuIGSgb6iyu.org,Suite 70 410 Pine Valley Dr. Summit United States,11/1/1947,United States
274,68,Troy,Arthur,Arthur.Troy@3VY5bV30AifrO.com,Suite 240 307 Eigth Oak RD Cedar Grove United States,3/11/1927,United States
692,69,Mcclellan,Steven,Steven.Mcclellan@UviyOLnu2m1POo.edu,Suite 210 952 1st Franklin Way Unionville United States,10/16/1949,United States
930,70,Smith,James,James.Smith@ifJngGlNG.edu,Suite 140 843 Maple  Blvd Walnut Grove United States,11/2/1962,United States
113,71,Rogers,Roderick,Roderick.Rogers@pJdioQ.com,Suite 320 961 Church View Drive Maple Grove United States,11/1/1966,United States
682,72,Barry,Bradley,Bradley.Barry@Kq2ONpEXU9YSno31.edu,Suite 150 849 Valley Jefferson Ln Summerfield United States,8/10/1936,United States
41,73,Vasquez,David,David.Vasquez@j.org,Suite L 571 Madison Smith Street Ashland United States,7/14/1955,United States
841,74,Woods,Eric,Eric.Woods@CfPzy1AUqxd2.com,Suite R 543 Sixth  Circle Saratoga United States,9/11/1952,United States
855,75,Grant,Annie,Annie.Grant@tccug5KC1oT2nL.com,Suite 20 665 3rd  Blvd Highland United States,6/5/1924,United States
768,76,Lowry,Craig,Craig.Lowry@92zokgx8duX.org,Suite W 498 5th 1st Street Harmony United States,8/24/1945,United States
56,77,Smith,Darrin,Darrin.Smith@Mti.edu,Suite E 355 8th  Dr. Jamestown United States,5/31/1930,United States
85,78,Davis,Wanda,Wanda.Davis@I6s7DD86i6.edu,Suite G 396 1st Chestnut Circle Mount Zion United States,6/19/1939,United States
534,79,Tran,Sandi,Sandi.Tran@myikqStif1Q.edu,Suite 130 836 4th Sycamore Pkwy Union United States,5/21/1936,United States
335,80,Evans,Eleanor,Eleanor.Evans@zxvr5rl.org,Suite Q 73 5th  Blvd Liberty United States,11/2/1947,United States
906,81,Levesque,Jessica,Jessica.Levesque@06mGqI9mHG.org,Suite 320 630 3rd 2nd Road Harmony United States,4/13/1939,United States
822,82,Mueller,Max,Max.Mueller@xqCZRBSrTGD6CBvXh.com,Suite 100 598 Hill  Blvd Harmony United States,9/4/1946,United States
501,83,Flynn,Daisy,Daisy.Flynn@288e6Z0csxJ.com,Suite R 739 Hill  Boulevard Cherry Valley United States,10/7/1942,United States
176,84,Montgomery,Ami,Ami.Montgomery@VBSKqhL36j55.edu,Suite M 660 Miller  Circle Crossroads United States,6/28/1963,United States
2,85,Baldwin,Michele,Michele.Baldwin@sIVO1J4U.org,Suite 30 540 Hillcrest Pine Circle Unionville United States,11/1/1977,United States
980,86,Matlock,Marvin,Marvin.Matlock@0FXEZp.org,Suite 40 529 Ridge  Circle Jamestown United States,11/1/1982,United States
985,87,White,Kevin,Kevin.White@x9oTPjEI6AdDQ7n4l.edu,Suite N 464 Lake 12th Way Clinton United States,4/28/1933,United States
83,88,Horner,Phyllis,Phyllis.Horner@uQy.edu,Suite 420 143 Lincoln  Road Unionville United States,3/11/1964,United States
295,89,Macdonald,Helen,Helen.Macdonald@3d4.com,Suite 240 468 9th  Ave Bunker Hill United States,8/16/1980,United States
348,90,Pond,Nathan,Nathan.Pond@nPh7drM687MhI.org,Suite G 342 Lincoln  Circle Valley View United States,6/23/1984,United States
799,91,White,Heather,Heather.White@3JitjmxYQnXAtCNAl.com,Suite 420 823 6th  Circle Union United States,8/3/1961,United States
705,92,Ryan,Crystal,Crystal.Ryan@Ju2rO6u.com,Suite Y 351 Sixth Main Blvd Georgetown United States,9/22/1972,United States
849,93,Williams,Clyde,Clyde.Williams@en.com,Suite O 246 Twelfth  Wy Oak Hill United States,11/1/1926,United States
140,94,Byrd,Craig,Craig.Byrd@Dc0OEMXkvvuJ.com,Suite 400 209 Woodland  Pkwy Pleasant Valley United States,6/16/1981,United States
495,95,Hollingsworth,Elizabeth,Elizabeth.Hollingsworth@lVpeDS5Rcs.com,Suite 70 338 Pine  Ln Plainview United States,7/14/1942,United States
31,96,Lewis,Shaun,Shaun.Lewis@MTRUPYFTXf9.com,Suite G 482 Lee  Cir. Riverdale United States,11/1/1954,United States
527,97,Ruffin,Stewart,Stewart.Ruffin@R7Mrx.edu,Suite 140 795 Sunset View Drive Quincy United States,6/11/1970,United States
935,98,Lewis,David,David.Lewis@5mhvq.org,Suite 210 338 Green Spring Court Crossroads United States,5/8/1964,United States
377,99,Tran,Austin,Austin.Tran@ect7cnjLsucbd.edu,Suite J 914 4th Church Circle Belmont United States,11/2/1960,United States